1321044010;CIRIO C/BAÑO 7 X 8 CM (1);;BLANCO;CIRIO S/A 7X8CM ;7.50113E+12;;;
1321044060;CIRIO C/BAÑO 7 X 8 CM (1);;ROJO;CIRIO S/A 7X8CM ;7.50113E+12;;;
2010010601;COLORANTE MARIPOSA PASTILLA 32 GRS;601;NEGRO;MARIPOSA PASTILLA 32G;1.75011E+13;;;
2010010604;COLORANTE MARIPOSA PASTILLA 32 GRS;604;ROJO ESCARLATA;MARIPOSA PASTILLA 32G;1.75011E+13;;;
2010010605;COLORANTE MARIPOSA PASTILLA 32 GRS;605;ROJO OSCURO;MARIPOSA PASTILLA 32G;1.75011E+13;;;
2010010606;COLORANTE MARIPOSA PASTILLA 32 GRS;606;AZUL MARINO;MARIPOSA PASTILLA 32G;1.75011E+13;;;
2010010608;COLORANTE MARIPOSA PASTILLA 32 GRS;608;GRIS OSCURO;MARIPOSA PASTILLA 32G;1.75011E+13;;;
2010010610;COLORANTE MARIPOSA PASTILLA 32 GRS;610;VERDE OSCURO;MARIPOSA PASTILLA 32G;1.75011E+13;;;
2010010611;COLORANTE MARIPOSA PASTILLA 32 GRS;611;CASTAÑO CLARO;MARIPOSA PASTILLA 32G;1.75011E+13;;;
2010010612;COLORANTE MARIPOSA PASTILLA 32 GRS;612;AMARILLO;MARIPOSA PASTILLA 32G;1.75011E+13;;;
2010010613;COLORANTE MARIPOSA PASTILLA 32 GRS;613;ROSA MEXICANO;MARIPOSA PASTILLA 32G;1.75011E+13;;;
2010010616;COLORANTE MARIPOSA PASTILLA 32 GRS;616;ROSA;MARIPOSA PASTILLA 32G;1.75011E+13;;;
2010010618;COLORANTE MARIPOSA PASTILLA 32 GRS;618;NARANJA;MARIPOSA PASTILLA 32G;1.75011E+13;;;
2010010623;COLORANTE MARIPOSA PASTILLA 32 GRS;623;AZUL CLARO;MARIPOSA PASTILLA 32G;1.75011E+13;;;
2010010624;COLORANTE MARIPOSA PASTILLA 32 GRS;624;ROJO CLARO;MARIPOSA PASTILLA 32G;1.75011E+13;;;
2010010626;COLORANTE MARIPOSA PASTILLA 32 GRS;626;CASTAÑO OSCURO;MARIPOSA PASTILLA 32G;1.75011E+13;;;
2010010627;COLORANTE MARIPOSA PASTILLA 32 GRS;627;VIOLETA AZULADO;MARIPOSA PASTILLA 32G;1.75011E+13;;;
2010010628;COLORANTE MARIPOSA PASTILLA 32 GRS;628;AZUL OSCURO;MARIPOSA PASTILLA 32G;1.75011E+13;;;
2010010632;COLORANTE MARIPOSA PASTILLA 32 GRS;632;AZUL DE AZUR;MARIPOSA PASTILLA 32G;1.75011E+13;;;
2010010646;COLORANTE MARIPOSA PASTILLA 32 GRS;646;BEIGE;MARIPOSA PASTILLA 32G;1.75011E+13;;;
2010010667;COLORANTE MARIPOSA PASTILLA 32 GRS;667;VERDE ULTRAMAR;MARIPOSA PASTILLA 32G;1.75011E+13;;;
2010010675;COLORANTE MARIPOSA PASTILLA 32 GRS;675;KHAKI;MARIPOSA PASTILLA 32G;1.75011E+13;;;
2020010001;COLORANTE CITOCOL PASTILLA 25G ;1;NEGRO;CITOCOL PASTILLA 25G;1.75011E+13;;;
2020010005;COLORANTE CITOCOL PASTILLA 25G ;5;ROJO AMAPOLA;CITOCOL PASTILLA 25G;1.75011E+13;;;
2020010006;COLORANTE CITOCOL PASTILLA 25G ;6;VERDE OSCURO;CITOCOL PASTILLA 25G;1.75011E+13;;;
2020010007;COLORANTE CITOCOL PASTILLA 25G ;7;ROJO OSCURO;CITOCOL PASTILLA 25G;1.75011E+13;;;
2020010009;COLORANTE CITOCOL PASTILLA 25G ;9;GRIS OSCURO;CITOCOL PASTILLA 25G;1.75011E+13;;;
2020010011;COLORANTE CITOCOL PASTILLA 25G ;11;AZUL CLARO;CITOCOL PASTILLA 25G;1.75011E+13;;;
2020010012;COLORANTE CITOCOL PASTILLA 25G ;12;CREMA;CITOCOL PASTILLA 25G;1.75011E+13;;;
2020010015;COLORANTE CITOCOL PASTILLA 25G ;15;NARANJA;CITOCOL PASTILLA 25G;1.75011E+13;;;
2020010016;COLORANTE CITOCOL PASTILLA 25G ;16;AMARILLO ORO;CITOCOL PASTILLA 25G;1.75011E+13;;;
2020010019;COLORANTE CITOCOL PASTILLA 25G ;19;AZUL OSCURO;CITOCOL PASTILLA 25G;1.75011E+13;;;
2020010020;COLORANTE CITOCOL PASTILLA 25G ;20;ROSA;CITOCOL PASTILLA 25G;1.75011E+13;;;
2020010021;COLORANTE CITOCOL PASTILLA 25G ;21;AZUL MARINO;CITOCOL PASTILLA 25G;1.75011E+13;;;
2020010026;COLORANTE CITOCOL PASTILLA 25G ;26;AZUL ACIANO;CITOCOL PASTILLA 25G;1.75011E+13;;;
2020010029;COLORANTE CITOCOL PASTILLA 22G ;29;ROJO OCRE;CITOCOL PASTILLA 22G;1.75011E+13;;;
2020010031;COLORANTE CITOCOL PASTILLA 25G ;31;KAKHI;CITOCOL PASTILLA 25G;1.75011E+13;;;
2020010036;COLORANTE CITOCOL PASTILLA 22G ;36;ROJO CEREZA;CITOCOL PASTILLA 22G;1.75011E+13;;;
2020010037;COLORANTE CITOCOL PASTILLA 22G ;37;GRIS ACERO;CITOCOL PASTILLA 22G;1.75011E+13;;;
2020010038;COLORANTE CITOCOL PASTILLA 22G ;38;CORZO;CITOCOL PASTILLA 22G;1.75011E+13;;;
2020010039;COLORANTE CITOCOL PASTILLA 22G ;39;VERDE RUSO;CITOCOL PASTILLA 22G;1.75011E+13;;;
2020010041;COLORANTE CITOCOL PASTILLA 25G ;41;VIOLETA AZULADO;CITOCOL PASTILLA 25G;1.75011E+13;;;
2020010042;COLORANTE CITOCOL PASTILLA 25G ;42;AZUL TURQUESA;CITOCOL PASTILLA 25G;1.75011E+13;;;
2020010043;COLORANTE CITOCOL PASTILLA 25G ;43;AZUL (BLUE);CITOCOL PASTILLA 25G;1.75011E+13;;;
2020010044;COLORANTE CITOCOL PASTILLA 22G ;44;PARDO BISMARCK;CITOCOL PASTILLA 22G;1.75011E+13;;;
2020010045;COLORANTE CITOCOL PASTILLA 22G ;45;PARDO CASTAÑO;CITOCOL PASTILLA 22G;1.75011E+13;;;
2020010046;COLORANTE CITOCOL PASTILLA 25G ;46;VERDE OLIVA;CITOCOL PASTILLA 25G;1.75011E+13;;;
2020010049;COLORANTE CITOCOL PASTILLA 22G ;49;CAFÉ;CITOCOL PASTILLA 25G;1.75011E+13;;;
2020010050;COLORANTE CITOCOL PASTILLA 22G ;50;CARDENAL;CITOCOL PASTILLA 25G;1.75011E+13;;;
2010010655;COLORANTE MARIPOSA PASTILLA 32 GRS;655;AZUL MEZCLILLA;MARIPOSA PASTILLA 32G;1.75011E+13;;;
2020020001;COLORANTE CITOCOL SOBRE 20G;1;NEGRO;CITOCOL SOBRE 20G;1.75011E+13;;;
2020020001F;COLORANTE CITOCOL SOBRE 20G FM.;;NEGRO;COLORANTE CITOCOL SOBRE 20G FM;1.75011E+13;;;
2020020005;COLORANTE CITOCOL SOBRE 20G;5;ROJO AMAPOLA;CITOCOL SOBRE 20G;1.75011E+13;;;
2020020006;COLORANTE CITOCOL SOBRE 20G;6;VERDE OSCURO;CITOCOL SOBRE 20G;1.75011E+13;;;
2020020007;COLORANTE CITOCOL SOBRE 20G;7;ROJO OSCURO;CITOCOL SOBRE 20G;1.75011E+13;;;
2020020009;COLORANTE CITOCOL SOBRE 20G;9;GRIS OSCURO;CITOCOL SOBRE 20G;1.75011E+13;;;
2020020011;COLORANTE CITOCOL SOBRE 20G;11;AZUL CLARO;CITOCOL SOBRE 20G;1.75011E+13;;;
2020020012;COLORANTE CITOCOL SOBRE 20G;12;CREMA;CITOCOL SOBRE 20G;1.75011E+13;;;
2020020015;COLORANTE CITOCOL SOBRE 20G;15;NARANJA;CITOCOL SOBRE 20G;1.75011E+13;;;
2020020016;COLORANTE CITOCOL SOBRE 20G;16;AMARILLO ORO;CITOCOL SOBRE 20G;1.75011E+13;;;
2020020019;COLORANTE CITOCOL SOBRE 20G;19;AZUL OSCURO;CITOCOL SOBRE 20G;1.75011E+13;;;
2020020020;COLORANTE CITOCOL SOBRE 20G;20;ROSA;CITOCOL SOBRE 20G;1.75011E+13;;;
2020020021;COLORANTE CITOCOL SOBRE 20G;21;AZUL MARINO;CITOCOL SOBRE 20G;1.75011E+13;;;
2020020026;COLORANTE CITOCOL SOBRE 20G;26;AZUL ACIANO;CITOCOL SOBRE 20G;1.75011E+13;;;
2020020029;COLORANTE CITOCOL SOBRE 20G;29;ROJO OCRE;CITOCOL SOBRE 20G;1.75011E+13;;;
2020020031;COLORANTE CITOCOL SOBRE 20G;31;KAKHI;CITOCOL SOBRE 20G;1.75011E+13;;;
2020020036;COLORANTE CITOCOL SOBRE 20G;36;ROJO CEREZA;CITOCOL SOBRE 20G;1.75011E+13;;;
2020020037;COLORANTE CITOCOL SOBRE 20G;37;GRIS ACERO;CITOCOL SOBRE 20G;1.75011E+13;;;
2020020038;COLORANTE CITOCOL SOBRE 20G;38;CORZO;CITOCOL SOBRE 20G;1.75011E+13;;;
2020020039;COLORANTE CITOCOL SOBRE 20G;39;VERDE RUSO;CITOCOL SOBRE 20G;1.75011E+13;;;
2020020041;COLORANTE CITOCOL SOBRE 20G;41;VIOLETA AZULADO;CITOCOL SOBRE 20G;1.75011E+13;;;
2020020042;COLORANTE CITOCOL SOBRE 20G;42;AZUL TURQUESA;CITOCOL SOBRE 20G;1.75011E+13;;;
2020020043;COLORANTE CITOCOL SOBRE 20G;43;AZUL (BLUE);CITOCOL SOBRE 20G;1.75011E+13;;;
2020020044;COLORANTE CITOCOL SOBRE 20G;44;PARDO BISMARCK;CITOCOL SOBRE 20G;1.75011E+13;;;
2020020045;COLORANTE CITOCOL SOBRE 20G;45;PARDO CASTAÑO;CITOCOL SOBRE 20G;1.75011E+13;;;
2020020046;COLORANTE CITOCOL SOBRE 20G;46;VERDE OLIVA;CITOCOL SOBRE 20G;1.75011E+13;;;
2020020049;COLORANTE CITOCOL SOBRE 20G;49;CAFÉ;CITOCOL SOBRE 20G;1.75011E+13;;;
2020020050;COLORANTE CITOCOL SOBRE 20G;50;CARDENAL;CITOCOL SOBRE 20G;1.75011E+13;;;
1321570000;VELA ADVIENTO 2.2 X 23 CM;;VARIOS;VELA  ADVIENTO 2.2 X 23 CM;1.75011E+13;;;
2010010602;COLORANTE MARIPOSA PASTILLA 32 GRS;602;NEGRO MEZCLILLA;MARIPOSA PASTILLA 32G;1.75011E+13;;;
3000009010;TEA LIGHT CAJA C/50 PZS;;BLANCO;TEA LIGHT CAJA C/50 PZS;1.75011E+13;;;
2250360000;PEGAMENTO TRANSPARENTE SOLIDEX 90 ML;;TRANSPARENTE;PEGAMENTO SOLIDEX 90ML;1.75011E+13;;;
2170920010 (WM);PLASTILINA COLORCITOS BARRA ACANALADA 180 G;10;BLANCO;PLASTILINA COLORCITOS 180G;1.75011E+13;;;
2170920050;PLASTILINA COLORCITOS BARRA ACANALADA 180 G;50;ROSA;PLASTILINA COLORCITOS 180G;1.75011E+13;;;
2170920030 (WM);PLASTILINA COLORCITOS BARRA ACANALADA 180 G;30;AMARILLO;PLASTILINA COLORCITOS 180G;1.75011E+13;;;
2170920060;PLASTILINA COLORCITOS BARRA ACANALADA 180 G;60;ROJO;PLASTILINA COLORCITOS 180G;1.75011E+13;;;
2170920070(WM);PLASTILINA COLORCITOS BARRA ACANALADA 180 G;70;AZUL BRILLANTE;PLASTILINA COLORCITOS 180G;1.75011E+13;;;
2170920080 (WM);PLASTILINA COLORCITOS BARRA ACANALADA 180 G;80;VERDE BRILLANTE;PLASTILINA COLORCITOS 180G;1.75011E+13;;;
2170920071;PLASTILINA COLORCITOS BARRA ACANALADA 180 G;71;AZUL CLARO;PLASTILINA COLORCITOS 180G;1.75011E+13;;;
2170920100;PLASTILINA COLORCITOS BARRA ACANALADA 180 G;100;CAFÉ;PLASTILINA COLORCITOS 180G;1.75011E+13;;;
2170920020;PLASTILINA COLORCITOS BARRA ACANALADA 180 G;20;NEGRO;PLASTILINA COLORCITOS 180G;1.75011E+13;;;
2170920040;PLASTILINA COLORCITOS BARRA ACANALADA 180 G;40;NARANJA;PLASTILINA COLORCITOS 180G;1.75011E+13;;;
2170920052;PLASTILINA COLORCITOS BARRA ACANALADA 180 G;52;CARNE;PLASTILINA COLORCITOS 180G;1.75011E+13;;;
2170920083;PLASTILINA COLORCITOS BARRA ACANALADA 180 G;83;VERDE CLARO;PLASTILINA COLORCITOS 180G;1.75011E+13;;;
2170920084;PLASTILINA COLORCITOS BARRA ACANALADA 180 G;84;VERDE OLIVO;PLASTILINA COLORCITOS 180G;1.75011E+13;;;
2170920085;PLASTILINA COLORCITOS BARRA ACANALADA 180 G;85;VERDE OSCURO;PLASTILINA COLORCITOS 180G;1.75011E+13;;;
2170920090;PLASTILINA COLORCITOS BARRA ACANALADA 180 G;90;GRIS CLARO;PLASTILINA COLORCITOS 180G;1.75011E+13;;;
2170920091;PLASTILINA COLORCITOS BARRA ACANALADA 180 G;91;GRIS OSCURO;PLASTILINA COLORCITOS 180G;1.75011E+13;;;
2170920160;PLASTILINA COLORCITOS BARRA ACANALADA 180 G;160;VIOLETA;PLASTILINA COLORCITOS 180G;1.75011E+13;;;
2170600000;ACUARELA C/6 PASTILLAS CARTÓN;;VARIOS;ACUARELA C/6 CARTON;1.75011E+13;;;
2170610000;ACUARELA C/12 PASTILLAS CARTÓN;;VARIOS;ACUA C/12 CARTON;1.75011E+13;;;
2170620000;ACUARELA C/12 PASTILLAS BLISTER;;VARIOS;ACUA C/12 BLISTER;1.75011E+13;;;
2180661000 (WM);PLASTILINA FLUORESCENTE ARCOIRIS 10 BARRAS (165 GRS);;VARIOS;PLAST.ARCOIRIS CHURRO C/10;1.75011E+13;;;
2200653010;PLASTILINA POPULAR BARRA LISA 200 G;10;BLANCO;PLASTILINA POPULAR 200G;1.75011E+13;;;
2210653170;PLASTILINA POPULAR FLUORESCENTE BARRA LISA 200 GRS;170;AMARILLO LIMÓN;PLASTILINA POPULAR 200G;1.75011E+13;;;
2200653070;PLASTILINA POPULAR BARRA LISA 200 G;70;AZUL BRILLANTE;PLASTILINA POPULAR 200G;1.75011E+13;;;
2200653071;PLASTILINA POPULAR BARRA LISA 200 G;71;AZUL CLARO;PLASTILINA POPULAR 200G;1.75011E+13;;;
2200653100;PLASTILINA POPULAR BARRA LISA 200 G;100;CAFÉ;PLASTILINA POPULAR 200G;1.75011E+13;;;
2200653052;PLASTILINA POPULAR BARRA LISA 200 G;52;CARNE;PLASTILINA POPULAR 200G;1.75011E+13;;;
2210653220;PLASTILINA POPULAR FLUORESCENTE BARRA LISA 200 GRS;220;MAGENTA;PLASTILINA POPULAR 200G;1.75011E+13;;;
2200653090;PLASTILINA POPULAR BARRA LISA 200 G;90;GRIS CLARO;PLASTILINA POPULAR 200G;1.75011E+13;;;
2200653091;PLASTILINA POPULAR BARRA LISA 200 G;91;GRIS OSCURO;PLASTILINA POPULAR 200G;1.75011E+13;;;
2200653040;PLASTILINA POPULAR BARRA LISA 200 G;40;NARANJA;PLASTILINA POPULAR 200G;1.75011E+13;;;
2210653180;PLASTILINA POPULAR FLUORESCENTE BARRA LISA 200 GRS;180;NARANJA IRIS;PLASTILINA POPULAR 200G;1.75011E+13;;;
2200653020;PLASTILINA POPULAR BARRA LISA 200 G;20;NEGRO;PLASTILINA POPULAR 200G;1.75011E+13;;;
2210653200;PLASTILINA POPULAR FLUORESCENTE BARRA LISA 200 GRS;200;ROJO IRIS;PLASTILINA POPULAR 200G;1.75011E+13;;;
2200653060;PLASTILINA POPULAR BARRA LISA 200 G;60;ROJO;PLASTILINA POPULAR 200G;1.75011E+13;;;
2210653190;PLASTILINA POPULAR FLUORESCENTE BARRA LISA 200 GRS;190;ROSA MEXICANO;PLASTILINA POPULAR 200G;1.75011E+13;;;
2200653050;PLASTILINA POPULAR BARRA LISA 200 G;50;ROSA;PLASTILINA POPULAR 200G;1.75011E+13;;;
2200653080;PLASTILINA POPULAR BARRA LISA 200 G;80;VERDE BRILLANTE;PLASTILINA POPULAR 200G;1.75011E+13;;;
2200653083;PLASTILINA POPULAR BARRA LISA 200 G;83;VERDE CLARO;PLASTILINA POPULAR 200G;1.75011E+13;;;
2210653210;PLASTILINA POPULAR FLUORESCENTE BARRA LISA 200 GRS;210;VERDE LIMÓN;PLASTILINA POPULAR 200G;1.75011E+13;;;
2200653085;PLASTILINA POPULAR BARRA LISA 200 G;85;VERDE OSCURO;PLASTILINA POPULAR 200G;1.75011E+13;;;
2200653160;PLASTILINA POPULAR BARRA LISA 200 G;160;VIOLETA;PLASTILINA POPULAR 200G;1.75011E+13;;;
2170681000;CRAYONES CAJA C/6 DELGADO;;VARIOS;CRAYON CAJ C/6 DELG;1.75011E+13;;;
2170683000;CRAYONES CAJA C/12 DELGADO;;VARIOS;CRAYON CAJ C/12 DELGADO;1.75011E+13;;;
2250380000;PEGAMENTO TRANSPARENTE SOLIDEX 220 ML;;TRANSPARENTE;PEGAMENTO SOLIDEX 220ML;1.75011E+13;;;
2300911313;VELA POSADA CAJA C/20 .9 X 9.5 CM APROX;;BCO; VDE; AMA Y ROSA FOSFORESCENTES;VELA PARA POSADA PIÑATA C/20;1.75011E+13;
2010010656;COLORANTE MARIPOSA PASTILLA 32 GRS;656;AZUL OSCURO MEZCLILLA;MARIPOSA PASTILLA 32G;1.75011E+13;;;
2170694000;CRAYONES CAJA C/24 JUMBO;;VARIOS;CRAYON CAJ C/24 JUMBO;1.75011E+13;;;
2170693000;CRAYONES CAJA C/12 JUMBO;;VARIOS;CRAYON CAJ C/12 JUMBO;1.75011E+13;;;
2170661000 (WM);PLASTILINA COLORCITOS 10 BARRAS (165 GRS);;VARIOS;PLAST.COLORCITOS CHURR C/10;1.75011E+13;;;
2170320000;PEGAMENTO BLANCO COLORCITOS 30G;;BLANCO;PEG.COLORCITOS 30G;1.75011E+13;;;
2170360000;PEGAMENTO BLANCO COLORCITOS 60G;;BLANCO;PEG.COLORCITOS 60G;1.75011E+13;;;
2170380000;PEGAMENTO BLANCO COLORCITOS 250G;;BLANCO;PEG.COLORCITOS 250G;1.75011E+13;;;
2170390000;PEGAMENTO BLANCO COLORCITOS 500G;;BLANCO;PEG.COLORCITOS 500G;1.75011E+13;;;
2170370000;PEGAMENTO BLANCO COLORCITOS 120G;;BLANCO;PEG.COLORCITOS 120G;1.75011E+13;;;
2170450000;PEGAMENTO BLANCO COLORCITOS 1 KG;;BLANCO;PEG.COLORCITOS  1KG;1.75011E+13;;;
1321002060;CIRIO C/BAÑO 7 X 11 CM (2);;ROJO;CIRIO S/A 7X11CM;1.75011E+13;;;
1321002163;CIRIO C/BAÑO 7 X 11 CM (2);;MORADO;CIRIO S/A 7X11CM;1.75011E+13;;;
1321002071;CIRIO C/BAÑO 7 X 11 CM (2);;AZUL CLARO;CIRIO S/A 7X11CM;1.75011E+13;;;
1321046060;CIRIO C/BAÑO 7 X 17 CM (3);;ROJO;CIRIO S/A 7X17CM;1.75011E+13;;;
1321046085;CIRIO C/BAÑO 7 X 17 CM (3);;VERDE OSCURO;CIRIO S/A 7X17CM;1.75011E+13;;;
1321046010;CIRIO C/BAÑO 7 X 17 CM (3);;BLANCO;CIRIO S/A 7X17CM;1.75011E+13;;;
1321046163;CIRIO C/BAÑO 7 X 17 CM (3);;MORADO;CIRIO S/A 7X17CM;1.75011E+13;;;
1321046037;CIRIO C/BAÑO 7 X 17 CM (3);;CREMA;CIRIO S/A 7X17CM;1.75011E+13;;;
1321046071;CIRIO C/BAÑO 7 X 17 CM (3);;AZUL CLARO;CIRIO S/A 7X17CM;1.75011E+13;;;
1321022060;CIRIO C/BAÑO 10 X 10 CM (4);;ROJO;CIRIO CON BAÑO 10 X 10 CM (4);1.75011E+13;;;
1321022084;CIRIO C/BAÑO 10 X 10 CM (4);;VERDE OSCURO;CIRIO CON BAÑO 10 X 10 CM (4);1.75011E+13;;;
1321022010;CIRIO C/BAÑO 10 X 10 CM (4);;BLANCO;CIRIO CON BAÑO 10 X 10 CM (4);1.75011E+13;;;
1321022037;CIRIO C/BAÑO 10 X 10 CM (4);;CREMA;CIRIO CON BAÑO 10 X 10 CM (4);1.75011E+13;;;
1321022071;CIRIO C/BAÑO 10 X 10 CM (4);;AZUL CLARO;CIRIO CON BAÑO 10 X 10 CM (4);1.75011E+13;;;
1321380060;CIRIO C/BAÑO MINI PILLAR 5 X 7 CM;;ROJO; MINI PILLAR 5X7 CM;1.75011E+13;;;
1321380010;CIRIO C/BAÑO MINI PILLAR 5 X 7 CM;;BLANCO; MINI PILLAR 5X7 CM;1.75011E+13;;;
1321380037;CIRIO C/BAÑO MINI PILLAR 5 X 7 CM;;CREMA; MINI PILLAR 5X7 CM;1.75011E+13;;;
1321380038;CIRIO C/BAÑO MINI PILLAR 5 X 7 CM;;AMARILLO; MINI PILLAR 5X7 CM;1.75011E+13;;;
1321380071;CIRIO C/BAÑO MINI PILLAR 5 X 7 CM;;AZUL CLARO; MINI PILLAR 5X7 CM;1.75011E+13;;;
1321381130;CIRIO C/BAÑO MINI PILLAR METÁLICO 5 X 7 CM;;ORO; MINI PILLAR 5X7 CM;1.75011E+13;;;
1321381138;CIRIO C/BAÑO MINI PILLAR METÁLICO 5 X 7 CM;;PLATA; MINI PILLAR 5X7 CM;1.75011E+13;;;
1321320060;ESFERA CHICA 7.5 CM DIÁMETRO;;ROJO;ESFERA CHICA 7.5CM DIAM;1.75011E+13;;;
1321320010;ESFERA CHICA 7.5 CM DIÁMETRO;;BLANCO;ESFERA CHICA 7.5CM DIAM;1.75011E+13;;;
1321320037;ESFERA CHICA 7.5 CM DIÁMETRO;;CREMA;ESFERA CHICA 7.5CM DIAM;1.75011E+13;;;
1320890060;VELA ESPIRAL 2.2 X 23 CM C/12;;ROJO;VELA ESPIRAL COLORIM 2.2X23CM C/12;1.75011E+13;;;
2150860085;VELA ESPIRAL 2.2 X 23 CM C/12;;VERDE OSCURO;VELA ESPIRAL COLORIM 2.2X23CM C/12;1.75011E+13;;;
1320890010;VELA ESPIRAL 2.2 X 23 CM C/12;;BLANCO;VELA ESPIRAL COLORIM 2.2X23CM C/12;1.75011E+13;;;
1320890037;VELA ESPIRAL 2.2 X 23 CM C/12;;CREMA;VELA ESPIRAL COLORIM 2.2X23CM C/12;1.75011E+13;;;
2150972010;VELADORA ECOLÓGICA MEDIANA;;ROJO;VELADORA ECOLÓGICA MED;1.75011E+13;;;
2151200000;MACETA CITRONELLA;;AMARILLO;MACETA CITRONELLA;1.75011E+13;;;
1320891130;VELA ESPIRAL 2.2 X 23 CM METÁLICA;;ORO;VELA ESPIRAL COLORIM 2.2X23CM;1.75011E+13;;;
1320891138;VELA ESPIRAL 2.2 X 23 CM METÁLICA;;PLATA;VELA ESPIRAL COLORIM 2.2X23CM;1.75011E+13;;;
1321074010;VELA VOTIVA 3.8 X 4.5 CM;;BLANCO;VOTIVA C/12 ;1.75011E+13;;;
1321074037;VELA VOTIVA 3.8 X 4.5 CM;;CREMA;VOTIVA C/12 ;1.75011E+13;;;
1321074050;VELA VOTIVA 3.8 X 4.5 CM;;ROSA;VOTIVA C/12 ;1.75011E+13;;;
1321074165;VELA VOTIVA 3.8 X 4.5 CM;;LILA;VOTIVA C/12 ;1.75011E+13;;;
1321074071;VELA VOTIVA 3.8 X 4.5 CM;;AZUL CIELO;VOTIVA C/12 ;1.75011E+13;;;
1321074084;VELA VOTIVA 3.8 X 4.5 CM;;VERDE LIMÓN;VOTIVA C/12 ;1.75011E+13;;;
1321074038;VELA VOTIVA 3.8 X 4.5 CM;;AMARILLO;VOTIVA C/12 ;1.75011E+13;;;
1320881130;VELA LISA METÁLICA 2 X 19 CM;;ORO;VELA LISA METÁLICA 2X19CM;1.75011E+13;;;
1320921010;VELA LISA C/BAÑO 1.3 X 11 CM;;BLANCO;VELA LISA C/BAÑO 1.3X11CM C/12;1.75011E+13;;;
1320921071;VELA LISA C/BAÑO 1.3 X 11 CM;;AZUL CLARO;VELA LISA C/BAÑO 1.3X11CM C/12;1.75011E+13;;;
1320921060;VELA LISA C/BAÑO 1.3 X 11 CM;;ROJO;VELA LISA C/BAÑO 1.3X11CM C/12;1.75011E+13;;;
1320881138;VELA LISA METÁLICA 2 X 19 CM;;PLATA;VELA LISA METÁLICA 2X19CM;1.75011E+13;;;
2150953000;CAJA C/12 VELADORAS DIVINA PROVIDENCIA C/ORACIÓN Y VASO;;VARIOS;CAJ C/12 VELADORAS DIV PROV;1.75011E+13;;;
2150860010;VELA ESPIRAL 2.2 X 23 CM C/19;;BLANCO;VELA ESPIRAL HAGEBA C/19 2.2X23CM;1.75011E+13;;;
2150860037;VELA ESPIRAL 2.2 X 23 CM C/19;;CREMA;VELA ESPIRAL HAGEBA C/19 2.2X23CM;1.75011E+13;;;
2150860038;VELA ESPIRAL 2.2 X 23 CM C/19;;AMARILLO;VELA ESPIRAL HAGEBA C/19 2.2X23CM;1.75011E+13;;;
2150860040;VELA ESPIRAL 2.2 X 23 CM C/19;;NARANJA;VELA ESPIRAL HAGEBA C/19 2.2X23CM;1.75011E+13;;;
2150860050;VELA ESPIRAL 2.2 X 23 CM C/19;;ROSA;VELA ESPIRAL HAGEBA C/19 2.2X23CM;1.75011E+13;;;
2150860060;VELA ESPIRAL 2.2 X 23 CM C/19;;ROJO;VELA ESPIRAL HAGEBA C/19 2.2X23CM;1.75011E+13;;;
2150860071;VELA ESPIRAL 2.2 X 23 CM C/19;;AZUL CLARO;VELA ESPIRAL HAGEBA C/19 2.2X23CM;1.75011E+13;;;
2150860085;VELA ESPIRAL 2.2 X 23 CM C/19;;VERDE OSCURO;VELA ESPIRAL HAGEBA C/19 2.2X23CM;1.75011E+13;;;
2150860163;VELA ESPIRAL 2.2 X 23 CM C/19;;MORADO;VELA ESPIRAL HAGEBA C/19 2.2X23CM;1.75011E+13;;;
2150860165;VELA ESPIRAL 2.2 X 23 CM C/19;;LILA;VELA ESPIRAL HAGEBA C/19 2.2X23CM;1.75011E+13;;;
1320921037;VELA LISA C/BAÑO 1.3 X 11 CM;;CREMA;VELA LISA C/BAÑO 1.3X11CM C/12;1.75011E+13;;;
1321044037;CIRIO C/BAÑO 7 X 8 CM (1);;CREMA;CIRIO S/A 7X8CM ;1.75011E+13;;;
1321002010;CIRIO C/BAÑO 7 X 11 CM (2);;BLANCO;CIRIO S/A 7X11CM;1.75011E+13;;;
1321002037;CIRIO C/BAÑO 7 X 11 CM (2);;CREMA;CIRIO S/A 7X11CM;1.75011E+13;;;
132180163;CIRIO C/BAÑO MINI PILLAR 5 X 7 CM;;MORADO; MINI PILLAR 5X7 CM;1.75011E+13;;;
1321322010;ESFERA MINI 6.3CM DIÁMETRO;;BLANCO;ESFERA MINI 6.3CM DIAM;1.75011E+13;;;
1321322163;ESFERA MINI 6.3 CMS DIÁMETRO;;MORADO;;1.75011E+13;;;
1321322037;ESFERA MINI 6.3CM DIÁMETRO;;CREMA;ESFERA MINI 6.3CM DIAM;1.75011E+13;;;
1321322060;ESFERA MINI 6.3CM DIÁMETRO;;ROJO;ESFERA MINI 6.3CM DIAM;1.75011E+13;;;
1321322050;ESFERA MINI 6.3CM DIÁMETRO;;ROSA;ESFERA MINI 6.3CM DIAM;1.75011E+13;;;
1321322071;ESFERA MINI 6.3CM DIÁMETRO;;AZUL CLARO;ESFERA MINI 6.3CM DIAM;1.75011E+13;;;
1321044050;CIRIO C/BAÑO 7 X 8 CM (1);;ROSA;CIRIO S/A 7X8CM ;1.75011E+13;;;
1321044163;CIRIO C/BAÑO 7 X 8 CM (1);;MORADO;CIRIO S/A 7X8CM ;1.75011E+13;;;
1321074060;VELA VOTIVA 3.8 X 4.5 CM;;ROJO;VOTIVA C/12 ;1.75011E+13;;;
1321074040;VELA VOTIVA 3.8 X 4.5 CM;;NARANJA;VOTIVA C/12 ;1.75011E+13;;;
1320890050;VELA ESPIRAL 2.2 X 23 CM C/12;;ROSA;VELA ESPIRAL COLORIM 2.2X23CM C/12;1.75011E+13;;;
1320890071;VELA ESPIRAL 2.2 X 23 CM C/12;;AZUL CLARO;VELA ESPIRAL COLORIM 2.2X23CM C/12;1.75011E+13;;;
2150860115;VELA ESPIRAL 2.2 X 23 CM C/19;;AZUL OSCURO;VELA ESPIRAL HAGEBA C/19 2.2X23CM;1.75011E+13;;;
1320890038;VELA ESPIRAL 2.2 X 23 CM C/12;;AMARILLO;VELA ESPIRAL COLORIM 2.2X23CM C/12;1.75011E+13;;;
1320890163;VELA ESPIRAL 2.2 X 23 CM C/12;;MORADO;VELA ESPIRAL COLORIM 2.2X23CM C/12;1.75011E+13;;;
1151542010;CIRIO C/BAÑO 5.5 X 7CM (1/2);;BLANCO;CIRIO C/BAÑO 5.5 X 7CM ;1.75011E+13;;;
1151542037;CIRIO C/BAÑO 5.5 X 7CM (1/2);;CREMA;CIRIO C/BAÑO 5.5 X 7CM ;1.75011E+13;;;
1151542060;CIRIO C/BAÑO 5.5 X 7CM (1/2);;ROJO;CIRIO C/BAÑO 5.5 X 7CM ;1.75011E+13;;;
1151542071;CIRIO C/BAÑO 5.5 X 7CM (1/2);;AZUL CLARO;CIRIO C/BAÑO 5.5 X 7CM ;1.75011E+13;;;
1151542163;CIRIO C/BAÑO 5.5 X 7CM (1/2);;MORADO;CIRIO C/BAÑO 5.5 X 7CM ;1.75011E+13;;;
2321052037;CIRIO S/BAÑO 4.7 X 11 CM (1);;BLANCO;CIRIO S/A 4.7X11CM (1);1.75011E+13;;;
2321052010;CIRIO S/BAÑO 4.7 X 11 CM (1);;CREMA;;1.75011E+13;;;
2321052060;CIRIO S/BAÑO 4.7 X 11 CM (1);;ROJO;;1.75011E+13;;;
2321052050;CIRIO S/BAÑO 4.7 X 11 CM (1);;ROSA;;1.75011E+13;;;
1321103130;CIRIO METÁLICO 5.5 X 20 CM;;ORO;CIRIO 5.5 X 20 CM;1.75011E+13;;;
1321103138;CIRIO METÁLICO 5.5 X 20 CM;;PLATA;CIRIO 5.5 X 20 CM;1.75011E+13;;;
1321102130;CIRIO METÁLICO 5.5 X 15 CM;;ORO;CIRIO 5.5 X 15 CM;1.75011E+13;;;
1441021001;PANTALLA CUADRADA S/RELLENO 20 X 9 CM;;BLANCO;PANT CUAD S/R 20X9CM;1.75011E+13;;;
1441021037;PANTALLA CUADRADA S/RELLENO 20 X 9 CM;;CREMA;PANT CUAD S/R 20X9CM;1.75011E+13;;;
2250320000;PEGAMENTO TRANSPARENTE SOLIDEX 25 ML;;TRANSPARENTE;PEGAMENTO SOLIDEX 25ML;1.75011E+13;;;
1321380050;CIRIO C/BAÑO MINI PILLAR 5 X 7 CM;;ROSA; MINI PILLAR 5X7 CM;1.75011E+13;;;
1321370038;CIRIO FLOTANTE 7.8 X 3CM;;AMARILLO;CIRIO FLOTANTE 7.8 X 3CM;1.75011E+13;;;
1321370040;CIRIO FLOTANTE 7.8 X 3CM;;NARANJA;CIRIO FLOTANTE 7.8 X 3CM;1.75011E+13;;;
1321411510;VELA 1A COMUNIÓN CRUZ CON CALIZ 4 X 25 CM;;BLANCO;VELA 1A COM CRUZ CON CALIZ 4X25CM;1.75011E+13;;;
1440010001;CIRIO CHUNKS DIFUMINADO 7.6 X 10 CM;;AZUL FUERTE C/AZUL CLARO;;1.75011E+13;;;
1440010002;CIRIO CHUNKS DIFUMINADO 7.6 X 10 CM;;VERDE OSCURO C/VERDE CLARO;;1.75011E+13;;;
2321133037;CIRIO CUADRADO RAYADO 9.5 X 13 CM (4);;BLANCO;CIRIO CUADRADO RAYADO 9.5X13CM ;1.75011E+13;;;
1441010002;PANTALLA SEMILLENA 8.5 X 9 CM;;VERDE CLARO;;1.75011E+13;;;
1441010001;PANTALLA SEMILLENA 8.5 X 9 CM;;BLANCO;PANT. CIL C/FLORES ;1.75011E+13;;;
1441011010;PANTALLA S/RELLENO 10 X 15 CM;;BLANCO;PANTALLA S/R 10X15 CM;1.75011E+13;;;
1441020002;PANTALLA CUADRADA SEMILLENA C/HOJAS 12 X 9 CM;;VERDE CLARO;;1.75011E+13;;;
1441020003;PANTALLA CUADRADA SEMILLENA C/HOJAS 12 X 9 CM;;ROSA;;1.75011E+13;;;
1441020004;PANTALLA CUADRADA SEMILLENA C/HOJAS 12 X 9 CM;;AZUL CLARO;;1.75011E+13;;;
1320960010;VELA LISA S/BAÑO 3 X 23 CM;;BLANCO;VEL LISA S/B 3X23CM C/6;1.75011E+13;;;
1441012010;PANTALLA S/RELLENO 15 X 12.5 CM;;BLANCO;PANTALLA S/R 15X12.5CM;1.75011E+13;;;
1321002040;CIRIO C/BAÑO 7 X 11 CM (2);;NARANJA;CIRIO S/A 7X11CM;1.75011E+13;;;
1321101130;CIRIO METÁLICO 5.5 X 10 CM;;ORO;CIRIO 5.5 X 10 CM;1.75011E+13;;;
1012040006;VELA MANZANA ROJA;;ROJO;VELA MANZANA ROJO;1.75011E+13;;;
2321133037;CIRIO CUADRADO RAYADO 9.5 X 13 CM (4);;CREMA;CIRIO CUADRADO RAYADO 9.5X13CM ;1.75011E+13;;;
1320961010;VELA LISA C/BAÑO 3 X 23 CM;;BLANCO;VELA LISA C/B 3X23CM C/6;1.75011E+13;;;
1321046050;CIRIO C/BAÑO 7 X 17 CM (3);;ROSA;CIRIO S/A 7X17CM;1.75011E+13;;;
1321002050;CIRIO C/BAÑO 7 X 11 CM(2);;ROSA;CIRIO S/A 7X11CM;1.75011E+13;;;
1321022050;CIRIO C/BAÑO 10 X 10 CM (4);;ROSA;CIRIO CON BAÑO 10 X 10 CM (4);1.75011E+13;;;
1151470010;CIRIO C/BAÑO 15 X 10 CM (6);;BLANCO;CIRIO C/BAÑO 15 X 10 CM;1.75011E+13;;;
1151470037;CIRIO C/BAÑO 15 X 10 CM (6);;CREMA;CIRIO C/BAÑO 15 X 10 CM;1.75011E+13;;;
1321320050;ESFERA CHICA 7.5 CM DIÁMETRO;;ROSA;ESFERA CHICA 7.5CM DIAM;1.75011E+13;;;
1321320115;ESFERA CHICA 7.5 CM DIÁMETRO;;AZUL FUERTE;ESFERA CHICA 7.5CM DIAM;1.75011E+13;;;
1012040004;VELA CHOCOLATE CORAZÒN CHICO;;CHOCOLATE;VELA CHOCOLATE CORAZÒN CHICO;1.75011E+13;;;
1012040003;VELA CHOCOLATE CUBO CHICO;;CHOCOLATE;VELA CHOCOLATE CUBO CHICO;1.75011E+13;;;
2150955037;VELADORA S/VASO 70/1001 C/CITRONELLA;;AMARILLO;VELADORA SIN VASO 70/1001 CON CITRONELLA;1.75011E+13;;;
1321002084;CIRIO C/BAÑO 7 X 11 CM (2);;VERDE LIMÓN;CIRIO S/A 7X11CM;1.75011E+13;;;
2321225000;VAPORIZADOR 2 PZS;;VARIOS;VAPORIZADOR 2 PZS;1.75011E+13;;;
1320900010;VELA CÓNICA 2.2 X 25 CM;;BLANCO;VELA CÓNICA 2.2 X 23 CM;1.75011E+13;;;
1321074051;VELA VOTIVA 3.8 X 4.5 CM;;FIUSHA;VOTIVA C/12 ;1.75011E+13;;;
1321074055;VELA VOTIVA 3.8 X 4.5 CM;;AZUL TURQUESA;VOTIVA C/12 ;1.75011E+13;;;
2150870087;VELA ESPIRAL 2.2 X 23 CM C/19;;VERDE LIMÓN;VELA ESPIRAL HAGEBA C/19 2.2X23CM;1.75011E+13;;;
2150860232;VELA ESPIRAL 2.2 X 23 CM C/19;;FIUCSIA;VELA ESPIRAL HAGEBA C/19 2.2X23CM;1.75011E+13;;;
2150860234;VELA ESPIRAL 2.2 X 23 CM C/19;;AZUL TURQUESA;VELA ESPIRAL HAGEBA C/19 2.2X23CM;1.75011E+13;;;
1321074163;VELA VOTIVA 3.8 X 4.5 CM;;MORADO;VOTIVA C/12 ;1.75011E+13;;;
1321381140;CIRIO C/BAÑO MINI PILLAR METÁLICO 5 X 7 CM;;ROJO METÁLICO; MINI PILLAR 5X7 CM;1.75011E+13;;;
1012010001;CORAZÓN FLOTANTE;;ROJO;CORAZON FLOTANTE ;1.75011E+13;;;
2250321000;PEGAMENTO TRANSPARENTE SOLIDEX 25ML PARA UNICEL;;TRANSPARENTE;PEGAMENTO SOLIDEX 25ML U.;1.75011E+13;;;
2250361000;PEGAMENTO TRANSPARENTE SOLIDEX 90 ML PARA UNICEL;;TRANSPARENTE;PEGAMENTO SOLIDEX 90ML U;1.75011E+13;;;
2220653010;PLASTILINA COMBATE BARRA CON 140G;;BLANCO;PLASTILINA COMBATE 140G;1.75011E+13;;;
2220653020;PLASTILINA COMBATE BARRA CON 140G;;NEGRO;PLASTILINA COMBATE 140G;1.75011E+13;;;
2220653030;PLASTILINA COMBATE BARRA CON 140G;;AMARILLO;PLASTILINA COMBATE 140G;1.75011E+13;;;
2220653040;PLASTILINA COMBATE BARRA CON 140G;;NARANJA;PLASTILINA COMBATE 140G;1.75011E+13;;;
2220653050;PLASTILINA COMBATE BARRA CON 140G;;ROSA;PLASTILINA COMBATE 140G;1.75011E+13;;;
2220653060;PLASTILINA COMBATE BARRA CON 140G;;ROJO;PLASTILINA COMBATE 140G;1.75011E+13;;;
2220653052;PLASTILINA COMBATE BARRA CON 140G;;CARNE;PLASTILINA COMBATE 140G;1.75011E+13;;;
2220653160;PLASTILINA COMBATE BARRA CON 140G;;VIOLETA;PLASTILINA COMBATE 140G;1.75011E+13;;;
2220653070;PLASTILINA COMBATE BARRA CON 140G;;AZUL BRILLANTE;PLASTILINA COMBATE 140G;1.75011E+13;;;
2220653071;PLASTILINA COMBATE BARRA CON 140G;;AZUL CLARO;PLASTILINA COMBATE 140G;1.75011E+13;;;
2220653080;PLASTILINA COMBATE BARRA CON 140G;;VERDE BRILLANTE;PLASTILINA COMBATE 140G;1.75011E+13;;;
2220653090;PLASTILINA COMBATE BARRA CON 140G;;GRIS CLARO;PLASTILINA COMBATE 140G;1.75011E+13;;;
2220653091;PLASTILINA COMBATE BARRA CON 140G;;GRIS OSCURO;PLASTILINA COMBATE 140G;1.75011E+13;;;
2220653100;PLASTILINA COMBATE BARRA CON 140G;;CAFÉ;PLASTILINA COMBATE 140G;1.75011E+13;;;
2220653083;PLASTILINA COMBATE BARRA CON 140G;;VERDE CLARO;PLASTILINA COMBATE 140G;1.75011E+13;;;
1151520010;CIRIO PASCUAL 10 X 36 CM;;BLANCO;CIRIO PASCUAL 10X36CM;1.75011E+13;;;
1151520037;CIRIO PASCUAL 10 X 36 CM;;CREMA;CIRIO PASCUAL 10X36CM;1.75011E+13;;;
1151525010;CIRIO PASCUAL 10 X 24 CM;;BLANCO;;1.75011E+13;;;
1151525037;CIRIO PASCUAL 10 X 24 CM;;CREMA;CIRIO PASCUAL 10 X 24 CM;1.75011E+13;;;
1151530010;CIRIO PASCUAL 10 X 70 CM;;BLANCO;;1.75011E+13;;;
1151530037;CIRIO PASCUAL 10 X 70 CM;;CREMA;;1.75011E+13;;;
1151540010;CIRIO PASCUAL 10 X 48 CM;;BLANCO;;1.75011E+13;;;
1151540037;CIRIO PASCUAL 10 X 48 CM;;CREMA;;1.75011E+13;;;
2160661000;PLASTILINA COMBATE 10 BARRAS (165 GRS);;VARIOS;PLAST.COMBATE CHURRO C/10;1.75011E+13;;;
1320891140;VELA ESPIRAL 2.2 X 23 CM METÁLICA;;ROJO METÁLICO;VELA ESPIRAL COLORIM 2.2X23CM;1.75011E+13;;;
1320891141;VELA ESPIRAL 2.2 X 23 CM METÁLICA;;MORADO METÁLICO;;1.75011E+13;;;
2321103010;CIRIO S/BAÑO RAYADO 4.5 X 5 CM (1/2);;BLANCO;CIRIO RAYADO 4.5X5CM (1/2);1.75011E+13;;;
2200300000;ANILINA VEGETAL SOBRES 25 COLORES SURTIDOS;;SURTIDOS;ANILINA VEG. C/25 SOBRES;1.75011E+13;;;
2300911410;VELA POSADA CAJA C/20 .9 X 9.5 CM APROX;;BLANCO;;1.75011E+13;;;
1321411510;VELA 1A COMUNIÓN CÁLIZ 3 X 23 CM;;BLANCO;VELA 1A COMUNIÓN CÁLIZ 3 X 23 CM;1.75011E+13;;;
2321042010P;CIRIO S/BAÑO 4.7 X 6 CM (1/2);;BLANCO;Cirio s/a 4.7x6cm (1/2);1.75011E+13;;;
2321042037P;CIRIO S/BAÑO 4.7 X 6 CM (1/2);;CREMA;Cirio s/a 4.7x6cm (1/2);1.75011E+13;;;
2321042050;CIRIO S/BAÑO 4.7 X 6 CM (1/2);;ROSA;Cirio s/a 4.7x6cm (1/2);1.75011E+13;;;
2321042060P;CIRIO S/BAÑO 4.7 X 6 CM (1/2);;ROJO;Cirio s/a 4.7x6cm (1/2);1.75011E+13;;;
2321052085;CIRIO S/BAÑO 4.7 X 11 CM (1);;VERDE OSCURO;;1.75011E+13;;;
1210150037;CIRIO 1A COMUNIÓN 5.1 X 40 CM;;CREMA;;1.75011E+13;;;
1210100037;CIRIO 1A COMUNIÓN 5.1 X 23 CM;;CREMA;CIRIO 5.1X23CM;1.75011E+13;;;
1151452037;CIRIO CUADRADO C/5 PABILOS 20 X 10 CM;;CREMA;CIRIO CUADRADO 20X10 CM;1.75011E+13;;;
2150961010;VELADORA 140/1031 CON 5 PIEZAS;;BLANCO;VELADORA 140/1031 C/5;1.75011E+13;;;
21560952010;VELADORA C/VASO 10/1004;;BLANCO;VELADORA C/VASO 10/1004;1.75011E+13;;;
2170695010;CRAYONES BOLSA C/72 JUMBO;10;BLANCO;CRAYON BOL C/72 JUMBO;1.75011E+13;;;
2170695020;CRAYONES BOLSA C/72 JUMBO;20;NEGRO;CRAYON BOL C/72 JUMBO;1.75011E+13;;;
2170695030;CRAYONES BOLSA C/72 JUMBO;30;AMARILLO;CRAYON BOL C/72 JUMBO;1.75011E+13;;;
2170695061;CRAYONES BOLSA C/72 JUMBO;61;AMAPOLA;CRAYON BOL C/72 JUMBO;1.75011E+13;;;
2170695064;CRAYONES BOLSA C/72 JUMBO;64;FUEGO;CRAYON BOL C/72 JUMBO;1.75011E+13;;;
2170695072;CRAYONES BOLSA C/72 JUMBO;72;AZUL MARINO;CRAYON BOL C/72 JUMBO;1.75011E+13;;;
2170695081;CRAYONES BOLSA C/72 JUMBO;81;JADE;CRAYON BOL C/72 JUMBO;1.75011E+13;;;
2170695082;CRAYONES BOLSA C/72 JUMBO;82;LIMA;CRAYON BOL C/72 JUMBO;1.75011E+13;;;
2170695103;CRAYONES BOLSA C/72 JUMBO;103;CAFÉ CLARO;CRAYON BOL C/72 JUMBO;1.75011E+13;;;
2170695162;CRAYONES BOLSA C/72 JUMBO;162;MAGENTA;CRAYON BOL C/72 JUMBO;1.75011E+13;;;
2170695101;CRAYONES BOLSA C/72 JUMBO;;CAFÉ OSCURO;CRAYON BOL C/72 JUMBO;1.75011E+13;;;
2170680040;CRAYONES BOLSA C/100 DELGADO;;NARANJA;CRAYON BOL C/100 DELG;1.75011E+13;;;
2170680064;CRAYONES BOLSA C/100 DELGADO;;ROJO FUEGO;CRAYON BOL C/100 DELG;1.75011E+13;;;
2170680072;CRAYONES BOLSA C/100 DELGADO;;AZUL MARINO;CRAYON BOL C/100 DELG;1.75011E+13;;;
2170680161;CRAYONES BOLSA C/100 DELGADO;;PURPURA;CRAYON BOL C/100 DELG;1.75011E+13;;;
3180101010;PINCEL ACUARELA SUELTO COLECTIVA CON 2;000 PZAS;;;PINCEL ACUARELA SUELTO;1.75011E+13;;
1320890238;VELA ESPIRAL C/12 FM ;;AMARILLO;VELA ESPIRAL C/12 FM ;2.01101E+13;;;
1320890286;VELA ESPIRAL C/12 FM;;AZUL CLARO;VELA ESPIRAL C/12 FM;2.01101E+13;;;
1320890210;VELA ESPIRAL C/12 FM ;;BLANCO;VELA ESPIRAL C/12 FM ;2.01101E+13;;;
1320890237;VELA ESPIRAL C/12 FM ;;CREMA;VELA ESPIRAL C/12 FM ;2.01101E+13;;;
1320890263;VELA ESPIRAL C/12 FM;;MORADO;VELA ESPIRAL C/12 FM;2.01101E+13;;;
1320890260;VELA ESPIRAL C/12 FM;;ROJO;VELA ESPIRAL C/12 FM;2.01101E+13;;;
1320890285;VELA ESPIRAL C/12 FM;;VERDE OSCURO;VELA ESPIRAL C/12 FM;2.01101E+13;;;
1321570FM0;VELA ESPI CAJA C/5 ADVIENTO FANT-MIGUEL;;VARIOS;VELA ESPI CAJA C/5 ADVIENTO FANT-MIGUEL;2.01101E+13;;;
2020020005F;COLORANTE CITOCOL SOBRE 20G FM;5;ROJO AMAPOLA;COLORANTE CITOCOL SOBRE 20G FM;2.75011E+13;;;
2020020006F;COLORANTE CITOCOL SOBRE 20G FM;6;VERDE OSCURO;COLORANTE CITOCOL SOBRE 20G FM;2.75011E+13;;;
2020020007F;COLORANTE CITOCOL SOBRE 20G FM;7;ROJO OSCURO;COLORANTE CITOCOL SOBRE 20G FM;2.75011E+13;;;
2020020041F;COLORANTE CITOCOL SOBRE 20G FM;41;VIOLETA AZULADO;COLORANTE CITOCOL SOBRE 20G FM;2.75011E+13;;;
2020020046F;COLORANTE CITOCOL SOBRE 20G FM;46;VERDE OLIVA;COLORANTE CITOCOL SOBRE 20G FM;2.75011E+13;;;
2010021613A;COLORANTE MARIPOSA CRISTALES 32 GRS;613;ROSA MEXICANO;MARIPOSA CRISTALES 32G;2.75011E+13;;;
2080020000;FIJADOR HAGEFIXER 50G;--;;FIJADOR HAGEFIXER 50G;2.75011E+13;;;
2329000040;AROMA MANZANA VERDE 8ML;;;AROMA MANZANA VERDE 8ML;2.75011E+13;;;
2329000041;AROMA MORA AZUL 8ML;;;AROMA MORA AZUL 8ML;2.75011E+13;;;
2329000042;AROMA VAINILLA 8ML;;;AROMA VAINILLA 8ML;2.75011E+13;;;
2090300000;FIJADOR BURMOL 8 ML;;;FIJADOR BURMOL 8ML;2.75011E+13;;;
2329000045;AROMA CANELA;;;AROMA CANELA 8ML;2.75011E+13;;;
2010021601A;COLORANTE MARIPOSA CRISTALES 32 GRS;601;NEGRO;MARIPOSA CRISTALES 32G;2.75011E+13;;;
2010021602A;COLORANTE MARIPOSA CRISTALES 32 GRS;602;NEGRO MEZCLILLA;MARIPOSA CRISTALES 32G;2.75011E+13;;;
2010021604A;COLORANTE MARIPOSA CRISTALES 32 GRS;604;ROJO ESCARLATA;MARIPOSA CRISTALES 32G;2.75011E+13;;;
2010021605A;COLORANTE MARIPOSA CRISTALES 32 GRS;605;ROJO OSCURO;MARIPOSA CRISTALES 32G;2.75011E+13;;;
2010021606A;COLORANTE MARIPOSA CRISTALES 32 GRS;606;AZUL MARINO;MARIPOSA CRISTALES 32G;2.75011E+13;;;
2.75011E+13;COLORANTE MARIPOSA CRISTALES 32 GRS;608;GRIS OSCURO;MARIPOSA CRISTALES 32G;2.75011E+13;;;
2010021610A;COLORANTE MARIPOSA CRISTALES 32 GRS;610;VERDE OSCURO;MARIPOSA CRISTALES 32G;2.75011E+13;;;
2010021611A;COLORANTE MARIPOSA CRISTALES 32 GRS;611;CASTAÑO CLARO;MARIPOSA CRISTALES 32G;2.75011E+13;;;
2010021612A;COLORANTE MARIPOSA CRISTALES 32 GRS;612;AMARILLO;MARIPOSA CRISTALES 32G;2.75011E+13;;;
2010021616A;COLORANTE MARIPOSA CRISTALES 32 GRS;616;ROSA;MARIPOSA CRISTALES 32G;2.75011E+13;;;
2010021618A;COLORANTE MARIPOSA CRISTALES 32 GRS;618;NARANJA;MARIPOSA CRISTALES 32G;2.75011E+13;;;
2010021623A;COLORANTE MARIPOSA CRISTALES 32 GRS;623;AZUL CLARO;MARIPOSA CRISTALES 32G;2.75011E+13;;;
2010021624A;COLORANTE MARIPOSA CRISTALES 32 GRS;624;ROJO CLARO;MARIPOSA CRISTALES 32G;2.75011E+13;;;
2010021626A;COLORANTE MARIPOSA CRISTALES 32 GRS;626;CASTAÑO OSCURO;MARIPOSA CRISTALES 32G;2.75011E+13;;;
2010021627A;COLORANTE MARIPOSA CRISTALES 32 GRS;627;VIOLETA AZULADO;MARIPOSA CRISTALES 32G;2.75011E+13;;;
2010021628A;COLORANTE MARIPOSA CRISTALES 32 GRS;628;AZUL OSCURO;MARIPOSA CRISTALES 32G;2.75011E+13;;;
2010021632A;COLORANTE MARIPOSA CRISTALES 32 GRS;632;AZUL DE AZUR;MARIPOSA CRISTALES 32G;2.75011E+13;;;
2010021646A;COLORANTE MARIPOSA CRISTALES 32 GRS;646;BEIGE;MARIPOSA CRISTALES 32G;2.75011E+13;;;
2010021655A;COLORANTE MARIPOSA CRISTALES 32 GRS;655;AZUL MEZCLILLA;MARIPOSA CRISTALES 32G;2.75011E+13;;;
2010021656A;COLORANTE MARIPOSA CRISTALES 32 GRS;656;AZUL OSCURO MEZCLILLA;MARIPOSA CRISTALES 32G;2.75011E+13;;;
2010021667A;COLORANTE MARIPOSA CRISTALES 32 GRS;667;VERDE ULTRAMAR;MARIPOSA CRISTALES 32G;2.75011E+13;;;
2010060106;COLORANTE MARIPOSA MULTIFIBRA 28 GRS;106;AZUL MARINO;MARIPOSA MULT 28G;2.75011E+13;;;
2010060110;COLORANTE MARIPOSA MULTIFIBRA 28 GRS;110;VERDE;MARIPOSA MULT 28G;2.75011E+13;;;
2010060104;COLORANTE MARIPOSA MULTIFIBRA 28 GRS;104;ROJO;MARIPOSA MULT 28G;2.75011E+13;;;
2010060109;COLORANTE MARIPOSA MULTIFIBRA 28 GRS;109;GRIS;MARIPOSA MULT 28G;2.75011E+13;;;
2010060112;COLORANTE MARIPOSA MULTIFIBRA 28 GRS;112;AMARILLO;MARIPOSA MULT 28G;2.75011E+13;;;
2010060116;COLORANTE MARIPOSA MULTIFIBRA 28 GRS;116;ROSA;MARIPOSA MULT 28G;2.75011E+13;;;
2010060123;COLORANTE MARIPOSA MULTIFIBRA 28 GRS;123;AZUL CLARO;MARIPOSA MULT 28G;2.75011E+13;;;
2010060118;COLORANTE MARIPOSA MULTIFIBRA 28 GRS;118;NARANJA;MARIPOSA MULT 28G;2.75011E+13;;;
2010060111;COLORANTE MARIPOSA MULTIFIBRA 28 GRS;111;BEIGE;MARIPOSA MULT 28G;2.75011E+13;;;
2010060127;COLORANTE MARIPOSA MULTIFIBRA 28 GRS;127;VIOLETA;MARIPOSA MULT 28G;2.75011E+13;;;
2010060155;COLORANTE MARIPOSA MULTIFIBRA 28 GRS;155;AZUL INDIGO;MARIPOSA MULT 28G;2.75011E+13;;;
1321002038;CIRIO C/BAÑO 7 X 11 CM (2);;AMARILLO;CIRIO S/A 7X11CM;2.75011E+13;;;
1321492130;CIRIO C/BAÑO 7 X 11 CM (2);;ORO;CIRIO S/A 7X11CM;2.75011E+13;;;
1321046038;CIRIO C/BAÑO 7 X 17 CM (3);;AMARILLO;CIRIO S/A 7X17CM;2.75011E+13;;;
1321050130;CIRIO C/ BAÑO 7X17 CM (3);;ORO;CIRIO 7X17 ORO;2.75011E+13;;;
1151452010;CIRIO CUADRADO C/5 PABILOS 20 X 10 CM;;BLANCO;CIRIO CUADRADO 20X10 CM;2.75011E+13;;;
1321390010;CIRIO CILINDRICO 40X250 BLANCO;;BLANCO;CIRIO 4X25CM;2.75011E+13;;;
1430001010;DIFUSOR CERAMICA C/AROMA;;;DIFUSOR CERAMICA C/AROMA;2.75011E+13;;;
2320000001;PORTAPABILO C/25 CHICO;;;PORTAPABILO C/25 CHICO;2.75011E+13;;;
2320482000;PARAFINA BLOQUE 300G;---;---;PARAFINA BLOQUE 300G;2.75011E+13;;;
2320483000;PARAFINA BLOQUE 600G;---;---;PARAFINA BLOQUE 600G;2.75011E+13;;;
1321380040;CIRIO C/BAÑO MINI PILLAR 5 X 7 CM;;NARANJA;MINI PILLAR 5X7CM;2.75011E+13;;;
1321322038;ESFERA MINI 6.3CM DIÁMETRO;;AMARILLO;ESFERA MINI 6.3CM DIAM;2.75011E+13;;;
1321322040;ESFERA MINI 6.3CM DIÁMETRO;;NARANJA;ESFERA MINI 6.3CM DIAM;2.75011E+13;;;
2320006001;PABILO EMPARAFINADO 1M;;---;PABILO EMPARAFINADO 1M;2.75011E+13;;;
1321044115;CIRIO C/BAÑO 7 X 8 CM (1);;AZUL FUERTE;CIRIO S/A 7X8CM ;2.75011E+13;;;
2320405000;PARAFINA LIQUIDA 1L;;;PARAFINA LIQUIDA 1L;2.75011E+13;;;
2010060101;COLORANTE MARIPOSA MULTIFIBRA 28 GRS;101;NEGRO;MARIPOSA MULT 28G;2.75011E+13;;;
2320404000;PARAFINA EN GEL 1L;;;PARAFINA EN GEL 1L;2.75011E+13;;;
2010021675A;COLORANTE MARIPOSA CRISTALES 32 GRS;675;KAKHI;MARIPOSA CRISTALES 32G;2.75011E+13;;;
2321040130;CIRIO C/BAÑO 5.5 X 6CM ;;ORO;CIRIO C/BAÑO 5.5 X 6CM ;2.75011E+13;;;
2321040138;CIRIO C/BAÑO 5.5 X 6CM ;;PLATA;CIRIO C/BAÑO 5.5 X 6CM ;2.75011E+13;;;
1321370050;CIRIO FLOTANTE 7.8 X 3CM;;ROSA;CIRIO FLOTANTE 7.8 X 3CM;2.75011E+13;;;
1321370163;CIRIO FLOTANTE 7.8 X 3CM;;MORADO;CIRIO FLOTANTE 7.8 X 3CM;2.75011E+13;;;
2060011001;COLORANTE COLIBRI SOBRE 28G;´01;NEGRO;COLIBRI SOBRE 28G;2.75011E+13;;;
ODORFREE60ML;ODOR FREE 60ML;;;ODOR FREE 60ML;2.75011E+13;;;
2150193100;REVITALIZADOR DE BLANCOS;--;;;2.75011E+13;;;
1321002055;CIRIO C/BAÑO 7 X 11 CM (2);;TURQUESA;CIRIO S/A 7X11CM ;2.75011E+13;;;
2329000071;AROMA ROSA DE MAÑANA 8ML;;;AROMA ROSA DE MAÑANA 8ML;2.75011E+13;;;
2329000077;AROMA LAVANDA 8ML;;;AROMA LAVANDA 8ML;2.75011E+13;;;
2010021668A;COLORANTE MARIPOSA CRISTALES 32 GRS;668;TILO;MARIPOSA CRISTALES 32G;2.75011E+13;;;
2170790001;TRAMPA PARA RATÓN CHICA;;;TRAMPA RATON CHICA;2.75011E+13;;;
2170790002;TRAMPA PARA RATÓN GRANDE;;;TRAMPA RATON GRANDE;2.75011E+13;;;
1320912010;VELA LISA S/BAÑO 1.3 X 11 CM;;BLANCO;VELA LISA S/BAÑO 1.3X11CM C/80;2.75011E+13;;;
1321390037;CIRIO 1A COMUNIÓN 4 X 25 CM;;CREMA;CIRIO 4 X 25 CM;2.75011E+13;;;
2170920072;PLASTILINA COLORCITOS BARRA ACANALADA 180 G;;TURQUESA;PLASTILINA COLORCITOS 180G;2.75011E+13;;;
1151542264;CIRIO C/BAÑO 5.5 X 7CM (1/2);;FIUSHA;CIRIO C/BAÑO 5.5 X 7CM ;2.75011E+13;;;
1151542084;CIRIO C/BAÑO 5.5 X 7CM (1/2);;VERDE LIMÓN;CIRIO C/BAÑO 5.5 X 7CM ;2.75011E+13;;;
1321002264;CIRIO C/BAÑO 7 X 11 CM (2);;FIUSHA;CIRIO S/A 7X11CM;2.75011E+13;;;
1321046084;CIRIO C/BAÑO 7 X 17 CM (3);;VERDE LIMON;CIRIO S/A 7X17CM;2.75011E+13;;;
1321370264;CIRIO FLOTANTE 7.8 X 3CM;;FIUSHA;CIRIO FLOTANTE 7.8 X 3CM;2.75011E+13;;;
1321370055;CIRIO FLOTANTE 7.8 X 3CM;;TURQUESA;CIRIO FLOTANTE 7.8 X 3CM;2.75011E+13;;;
1321370084;CIRIO FLOTANTE 7.8 X 3CM;;VERDE LIMÓN;CIRIO FLOTANTE 7.8 X 3CM;2.75011E+13;;;
1321380264;CIRIO C/BAÑO MINI PILLAR 5 X 7 CM;;FIUSHA;MINI PILLAR 5X7CM;2.75011E+13;;;
1321380084;CIRIO C/BAÑO MINI PILLAR 5 X 7 CM;;VERDE LIMON;MINI PILLAR 5X7CM;2.75011E+13;;;
1321380055;CIRIO C/BAÑO MINI PILLAR 5 X 7 CM;;TURQUESA;MINI PILLAR 5X7CM;2.75011E+13;;;
1321320084;ESFERA CHICA 7.5 CM DIÁMETRO;;VERDE LIMON;ESFERA CHICA 7.5CM DIAM;2.75011E+13;;;
1320890104;VELA ESPIRAL 2.2 X 23 CM C/12;;VERDE MANZANA;VELA ESPIRAL COLORIM 2.2X23CM C/12;2.75011E+13;;;
1321022084;CIRIO C/BAÑO 10 X 10 CM (4);;VERDE LIMÓN;CIRIO CON BAÑO 10 X 10 CM (4);2.75011E+13;;;
3000009012;TEA LIGHT CAJA C/50 PZS;;ROJO;TEA LIGHT CAJA C/50 PZS;2.75011E+13;;;
3000009011;TEA LIGHT CAJA C/50 PZS;;CREMA;TEA LIGHT CAJA C/50 PZS;2.75011E+13;;;
2320451060;PARAFINA GRANULADA 1KG;;ROJO;PARAFINA GRANULADA 1KG;2.75011E+13;;;
2320451121;PARAFINA GRANULADA 1KG;;VERDE LIMON;PARAFINA GRANULADA 1KG;2.75011E+13;;;
1321046115;CIRIO C/BAÑO 7 X 17 CM (3);;AZUL FUERTE;CIRIO S/A 7X17CM;2.75011E+13;;;
1320921163;VELA LISA C/BAÑO 1.3 X 11 CM;;MORADO;VELA LISA C/BAÑO 1.3X11CM C/12;2.75011E+13;;;
1321046040;CIRIO C/BAÑO 7 X 17 CM (3);;NARANJA;CIRIO S/A 7X17CM;2.75011E+13;;;
1321047010;CIRIO C/BAÑO 7 X 21CM;;BLANCO;CIRIO S/A 7X21CM;2.75011E+13;;;
1320915037;CAJA VELA SANTÍSIMA TRINIDAD 1.2 X 18 CM;;BLANCO;CAJA VELA SANTÍSIMA TRINIDAD 1.2 X 18 CM;2.75011E+13;;;
2320451036;PARAFINA GRANULADA 1KG;;AMARILLO LIMON;PARAFINA GRANULADA 1KG;2.75011E+13;;;
2320451051;PARAFINA GRANULADA 1KG;;ROSA MEXICANO ;PARAFINA GRANULADA 1KG;2.75011E+13;;;
2320451112;PARAFINA GRANULADA 1KG;;AZUL ULTRMAR;PARAFINA GRANULADA 1KG;2.75011E+13;;;
2300911452;VELA POSADA CAJA C/20 .9 X 9.5 CM APROX;;AMARILLO NEÓN;;2.75011E+13;;;
2310920113;VELA DE CUMPLEAÑOS BLANCA NIEVES;;AZUL CLARO;VELA DE CUMPLEAÑOS BLANCA NIEVES;2.75011E+13;;;
1321570006;VELA ADVIENTO  CORTA C/4;;ROSA;BLANCA; MORADO;ROJO;VELA ADVIENTO  CORTA C/4;2.75011E+13
2220653055;PLASTILINA COMBATE BARRA CON 140G;;TURQUESA;PLASTILINA COMBATE 140G;2.75011E+13;;;
2170480000;PEGAMENTO ADHEROL 120G;;;PEGAMENTO ADHEROL 120G;2.75011E+13;;;
2170490000;PEGAMENTO ADHEROL 250G;;;PEGAMENTO ADHEROL 250G;2.75011E+13;;;
2170500000;PEGAMENTO ADHEROL 500G;;;PEGAMENTO ADHEROL 500G;2.75011E+13;;;
2170510000;PEGAMENTO ADHEROL 1KG;;;PEGAMENTO ADHEROL 1KG;2.75011E+13;;;
2170520000;PEGAMENTO ADHEROL 4KG;;;PEGAMENTO ADHEROL 4KG;2.75011E+13;;;
1320981163;VELA LISA C/ BAÑO 2 X 19 CM;;MORADO;VELA LISA C/ BAÑO 2 X 19 CM;2.75011E+13;;;
2200653055;PLASTILINA POPULAR BARRA LISA 200 G;;TURQUESA;PLASTILINA POPULAR 200G;2.75011E+13;;;
2220653051;PLASTILINA COMBATE BARRA CON 140G;;ROSA MEXICANO;PLASTILINA COMBATE 140G;2.75011E+13;;;
1012040009;CIRIO 8X9CM CON CAFE Y AROMA;;;;2.75011E+13;;;
1441010007;PANTALLA CILINDRICA CON TRIGO CHICA ;;CREMA;PANT. CIL CH C/TRIG C/VAINILLA;2.75011E+13;;;
1441010009;PANTALLA CILINDRICA CON TRIGO MEDIANA;;CREMA;PANT. CIL M C/TRIG C/VAINILLA;2.75011E+13;;;
1441010008;PANTALLA CILINDRICA CON TRIGO GRANDE;;CREMA;PANT. CIL G C/TRIG C/VAINILLA;2.75011E+13;;;
1321322264;ESFERA MINI 6.3CM DIÁMETRO;;FIUSHA;ESFERA MINI 6.3CM DIAM;2.75011E+13;;;
1012040019;VELA DE CALAVERA BLANCA 3 PACK COLORIM;;BLANCA;VELA DE CALAVERA 3 PACK;2.75011E+13;;;
1012040020;VELA DE CALAVERA MORADA 3 PACK COLORIM;;MORADA;VELA DE CALAVERA 3 PACK;2.75011E+13;;;
1321022055;CIRIO C/BAÑO 10 X 10 CM (4);;AZUL TURQUESA;CIRIO CON BAÑO 10 X 10 CM (4);2.75011E+13;;;
1321022264;CIRIO C/BAÑO 10 X 10 CM (4);;FIUSHA;CIRIO CON BAÑO 10 X 10 CM (4);2.75011E+13;;;
1321322084;ESFERA MINI 6.3CM DIÁMETRO;;VERDE LIMON;ESFERA MINI 6.3CM DIAM;2.75011E+13;;;
2170329010;TEMPERA CAJA C/10 FRASCOS DE 20 ML C/UNO;;;TEMPERA C/10 20ML;2.75011E+13;;;
2170329060;TEMPERA CAJA C/10 FRASCOS DE 20 ML C/UNO;;;TEMPERA C/10 20ML;2.75011E+13;;;
2170329089;TEMPERA CAJA C/10 FRASCOS DE 20 ML C/UNO;;;TEMPERA C/10 20ML;2.75011E+13;;;
2170329100;TEMPERA CAJA C/10 FRASCOS DE 20 ML C/UNO;;;TEMPERA C/10 20ML;2.75011E+13;;;
2170329160;TEMPERA CAJA C/10 FRASCOS DE 20 ML C/UNO;;VIOLETA;TEMPERA C/10 20ML;2.75011E+13;;;
2170329020;TEMPERA CAJA C/10 FRASCOS DE 20 ML C/UNO;;;TEMPERA C/10 20ML;2.75011E+13;;;
2170329114;TEMPERA CAJA C/10 FRASCOS DE 20 ML C/UNO;;;TEMPERA C/10 20ML;2.75011E+13;;;
2200301003;ANILINA VEGETAL AMARILLO 25 SOBRES;;AMARILLO;ANILINA VEG. C/25 SOBRES;2.75011E+13;;;
2200301008;ANILINA VEGETAL AZUL 25 SOBRES;;AZUL ;ANILINA VEG. C/25 SOBRES;2.75011E+13;;;
2200301007;ANILINA VEGETAL CAFE  25 SOBRES;;CAFE;ANILINA VEG. C/25 SOBRES;2.75011E+13;;;
2200301004;ANILINA VEGETAL HUEVO 25 SOBRES;;HUEVO;ANILINA VEG. C/25 SOBRES;2.75011E+13;;;
2200301001;ANILINA VEGETAL ROSA 25 SOBRES;;ROSA BRILLANTE;ANILINA VEG. C/25 SOBRES;2.75011E+13;;;
2200301009;ANILINA VEGETAL VIOLETA 25 SOBRES;;VIOLETA;ANILINA VEG. C/25 SOBRES;2.75011E+13;;;
2020010004;COLORANTE CITOCOL PASTILLA 22G ;4;HELIOTROPO;CITOCOL PASTILLA 22G;2.75011E+13;;;
2020010024;COLORANTE CITOCOL PASTILLA 22G ;24;VIOLETA ROJIZO;CITOCOL PASTILLA 22G;2.75011E+13;;;
2020010025;COLORANTE CITOCOL PASTILLA 22G ;25;FLOR DE TILO;CITOCOL PASTILLA 22G;2.75011E+13;;;
1321570007;VELA ESPIRAL ADVIENTO CORTA   C/5;;MORADO;ROSA;BLANCO;VELA ADVIENTO  CORTA C/5;2.75011E+13;
2150861010;VELA ESPIRAL CORTA C/19 2.2X20CM;;BLANCO;VELA ESPIRAL HAGEBA ECO C/19 2.2X20CM;2.75011E+13;;;
2150861163;VELA ESPIRAL CORTA C/19 2.2X20CM;;MORADO;VELA ESPIRAL HAGEBA ECO C/19 2.2X20CM;2.75011E+13;;;
2150861060;VELA ESPIRAL CORTA C/19 2.2X20CM;;ROJO ;VELA ESPIRAL HAGEBA ECO C/19 2.2X20CM;2.75011E+13;;;
2150861050;VELA ESPIRAL CORTA C/19 2.2X20CM;;ROSA;VELA ESPIRAL HAGEBA ECO C/19 2.2X20CM;2.75011E+13;;;
1321320264;ESFERA CHICA 7.5 CM DIÁMETRO;;FIUSHA;ESFERA CHICA 7.5CM DIAM;2.75011E+13;;;
2020010022;COLORANTE CITOCOL PASTILLA 22G ;22;GRIS CLARO;CITOCOL PASTILLA 22G;2.75011E+13;;;
2329000080;AROMA CEREZA 8ML;;;AROMA CEREZA 8ML;2.75011E+13;;;
2329000083;AROMA VIOLETA 8ML;;;AROMA VIOLETA 8ML;2.75011E+13;;;
2329000084;AROMA SÁNDALO 8ML;;;AROMA SÁNDALO 8ML;2.75011E+13;;;
2170630030;ACUARELA PASTILLA SUELTA;;AMARILO;ACUA PAST SUELTA C/500;2.75011E+13;;;
2170630060;ACUARELA PASTILLA SUELTA;;ROJO;ACUA PAST SUELTA C/500;2.75011E+13;;;
2170630072;ACUARELA PASTILLA SUELTA;;AZUL MARINO;ACUA PAST SUELTA C/500;2.75011E+13;;;
2320451057;PARAFINA GRANULADA 1KG;;MELON;PARAFINA GRANULADA 1KG;2.75011E+13;;;
2170920051;PLASTILINA COLORCITOS BARRA ACANALADA 180 G;;ROSA MEXICANO;PLASTILINA COLORCITOS 180G;2.75011E+13;;;
2321052071;CIRIO S/BAÑO 4.7 X 11 CM(1);;AZUL CLARO;;2.75011E+13;;;
1321370071;CIRIO FLOTANTE 7.8 X 3CM;;AZUL CLARO;CIRIO FLOTANTE 7.8 X 3CM;2.75011E+13;;;
2320451052;PARAFINA GRANULADA 1KG;;ROSA PASTEL;PARAFINA GRANULADA 1KG;2.75011E+13;;;
1321381136;CIRIO C/BAÑO MINI PILLAR 5 X 7 CM;;COBRE;MINI PILLAR 5X7CM;2.75011E+13;;;
1210151010;CIRIO 5.1X40 PRIMERA COMUNION;;BLANCO;CIRIO 1A COMUNION 5.1 X 40CM;2.75011E+13;;;
1420001010;PANTALLA CUBICA 120X120X90 BLANCA CON PABILO;;BLANCO;PANT. 12X12X9CM C/PABILO;2.75011E+13;;;
1210100010;CIRIO 51x230 BLANCO ;;BLANCO;CIRIO 5.1X23CM;2.75011E+13;;;
2201660085;PLASTILINA ESCULTOR BARRA 200G ;;VERDE OSCURO;PLAST. ESCULTOR 200G;2.75011E+13;;;
2201660041;PLASTILINA ESCULTOR BARRA 200G ;;TERRACOTA;PLAST. ESCULTOR 200G;2.75011E+13;;;
1320891250;VELA ESPIRAL C/12 FM S/E;;ROSA;VELA ESPIRAL C/12 FM  S/E;2.75011E+13;;;
1320891210;VELA ESPIRAL C/12 FM S/E;;BLANCO;VELA ESPIRAL C/12 FM  S/E;2.75011E+13;;;
1320890271;VELA ESPIRAL C/12 FM S/E;;AZUL CLARO;VELA ESPIRAL C/12 FM  S/E;2.75011E+13;;;
1320891263;VELA ESPIRAL C/12 FM S/E;;MORADO;VELA ESPIRAL C/12 FM  S/E;2.75011E+13;;;
1320891260;VELA ESPIRAL C/12 FM S/E;;ROJO;VELA ESPIRAL C/12 FM  S/E;2.75011E+13;;;
1320891238;VELA ESPIRAL C/12 FM S/E;;AMARILLO;VELA ESPIRAL C/12 FM  S/E;2.75011E+13;;;
1320891285;VELA ESPIRAL C/12 FM S/E;;VERDE OSCURO;VELA ESPIRAL C/12 FM  S/E;2.75011E+13;;;
1320891264;VELA ESPIRAL C/12 FM S/E;;FIUSHA;VELA ESPIRAL C/12 FM  S/E;2.75011E+13;;;
1320890237FM;VELA ESPIRAL C/12 FM S/E;;CREMA;VELA ESPIRAL C/12 FM  S/E;2.75011E+13;;;
2020010013;COLORANTE CITOCOL PASTILLA 22G ;13;AZUL PAVO REAL;CITOCOL PASTILLA 22G;2.75011E+13;;;
2020010014;COLORANTE CITOCOL PASTILLA 22G ;14;MORENO MODA;CITOCOL PASTILLA 22G;2.75011E+13;;;
2020010018;COLORANTE CITOCOL PASTILLA 22G ;18;MORENO OSCURO;CITOCOL PASTILLA 22G;2.75011E+13;;;
2020010033;COLORANTE CITOCOL PASTILLA 22G ;33;VERDE CARDENILLO;CITOCOL PASTILLA 22G;2.75011E+13;;;
2150860233;VELA ESPIRAL 2.2 X 23 CM C/19;;VERDE MANZANA;VELA ESPIRAL HAGEBA C/19 2.2X23CM;2.75011E+13;;;
1321022040;CIRIO C/BAÑO 10 X 10 CM (4);;NARANJA;CIRIO CON BAÑO 10 X 10 CM (4);2.75011E+13;;;
2020010010;COLORANTE CITOCOL PASTILLA 22G ;10;ROJO SALMON;CITOCOL PASTILLA 22G;2.75011E+13;;;
1320891136;VELA ESPIRAL 2.2 X 23 CM C/12;;COBRE;VELA ESPIRAL COLORIM 2.2X23CM C/12;2.75011E+13;;;
1151525063;CIRIO PASCUAL 10 X 24 CM;;MORADO;CIRIO PASCUAL 10 X 24 CM;2.75011E+13;;;
1151520063;CIRIO PASCUAL 10 X 36 CM;;MORADO;CIRIO PASCUAL 10X36CM;2.75011E+13;;;
1151520050;CIRIO PASCUAL 10 X 36 CM;;ROSA PASTEL;CIRIO PASCUAL 10X36CM;2.75011E+13;;;
1321320040;ESFERA CHICA 7.5 CM DIÁMETRO;;NARANJA;ESFERA CHICA 7.5CM DIAM;2.75011E+13;;;
1151525050;CIRIO PASCUAL 10 X 24 CM;;ROSA PASTEL;CIRIO PASCUAL 10 X 24 CM;2.75011E+13;;;
1321069130;CIRIO C/BAÑO 5.5 X 7CM (1/2);;ORO;CIRIO C/BAÑO 5.5 X 7CM ;2.75011E+13;;;
2150956037;VELADORA CITRONELA VASO ENCERADO;;;VELADORA CITRONELA VASO ENCERADO;2.75011E+13;;;
1321043010;CIRIO C/BAÑO 7 X 14 CM ;;BLANCO;CIRIO S/A 7X14CM;2.75011E+13;;;
1320921038;VELA LISA C/BAÑO 1.3 X 11 CM;;AMARILLO;VELA LISA C/BAÑO 1.3X11CM C/12;2.75011E+13;;;
3000007010;TEA LIGHT SUELTO;;BLANCO;TEA LIGHT SUELTO;2.75011E+13;;;
2320451020;PARAFINA GRANULADA 1KG;;NEGRO;PARAFINA GRANULADA 1KG;2.75011E+13;;;
2320006000;PABILO 1M;;---;PABILO  1M;2.75011E+13;;;
2170329040;TEMPERA CAJA C/10 FRASCOS DE 20 ML C/UNO;;;TEMPERA C/10 20ML;2.75011E+13;;;
1231390163;CIRIO CILINDRICO 4X20 CM C/BAÑO;;MORADO;;2.75011E+13;;;
1321390150;CIRIO CILINDRICO 4X20 CM C/BAÑO;;ROSA;;2.75011E+13;;;
1321390110;CIRIO CILINDRICO 4X20 CM C/BAÑO;;BLANCO;;2.75011E+13;;;
1321390160;CIRIO CILINDRICO 4X20 CM C/BAÑO;;ROJO;;2.75011E+13;;;
1151542040;CIRIO C/BAÑO 5.5 X 7CM (1/2);;NARANJA;CIRIO C/BAÑO 5.5 X 7CM ;2.75011E+13;;;
2150861085;VELA ESPIRAL CORTA C/19 2.2X20CM;;VERDE OSCURO;VELA ESPIRAL HAGEBA ECO C/19 2.2X20CM;2.75011E+13;;;
1321570005;VELA ESPIRAL CAJA C/5 ADVIENTO CORTA SN;;VARIOS;VELA ESPIRAL ADVIENTO CORTA SN C/5;2.75063E+13;;;
3000008010;TEA LIGHT CAJA C/10 PZS;;BLANCO;TEA LIGHT CAJA C/10 PZS;3.75011E+13;;;
3000008012;TEA LIGHT CAJA C/10 PZS;;ROJO;TEA LIGHT CAJA C/10 PZS;3.75011E+13;;;
3000008011;TEA LIGHT CAJA C/10 PZS;;CREMA;TEA LIGHT CAJA C/10 PZS;3.75011E+13;;;
1321370060;CIRIO FLOTANTE 7.8 X 3CM;;ROJO;CIRIO FLOTANTE 7.8 X 3CM;4.75011E+13;;;
1321370010;CIRIO FLOTANTE 7.8 X 3CM;;BLANCO;CIRIO FLOTANTE 7.8 X 3CM;4.75011E+13;;;
1321370037;CIRIO FLOTANTE 7.8 X 3CM;;CREMA;CIRIO FLOTANTE 7.8 X 3CM;4.75011E+13;;;
